{"cameraMode":{"drawMode":0,"name":"Shaded","section":"Shading Mode"},"sceneLighting":true,"audioPlay":false,"sceneViewState":{"showFog":true,"showMaterialUpdate":false,"showSkybox":true,"showFlares":true,"showImageEffects":true,"showParticleSystems":true},"in2DMode":false,"pivot":{"x":-1.2695164680480958,"y":-6.445858478546143,"z":8.042618751525879},"rotation":{"x":0.5243416428565979,"y":0.012257956899702549,"z":-0.007553066127002239,"w":0.8513966798782349},"size":26.003637313842775,"orthographic":false}