{"cameraMode":{"drawMode":0,"name":"Shaded","section":"Shading Mode"},"sceneLighting":true,"audioPlay":false,"sceneViewState":{"showFog":true,"showMaterialUpdate":false,"showSkybox":true,"showFlares":true,"showImageEffects":true,"showParticleSystems":true},"in2DMode":false,"pivot":{"x":1.5597633123397828,"y":-0.8989855647087097,"z":0.18894809484481812},"rotation":{"x":0.23218736052513123,"y":0.5354354977607727,"z":-0.15600967407226563,"w":0.7969632744789124},"size":4.578329563140869,"orthographic":false}