{"cameraMode":{"drawMode":0,"name":"Shaded","section":"Shading Mode"},"sceneLighting":true,"audioPlay":false,"sceneViewState":{"showFog":true,"showMaterialUpdate":false,"showSkybox":true,"showFlares":true,"showImageEffects":true,"showParticleSystems":true},"in2DMode":false,"pivot":{"x":0.15111395716667176,"y":-1.8936110734939576,"z":7.250669956207275},"rotation":{"x":0.4958021342754364,"y":0.02552211284637451,"z":-0.01458286214619875,"w":0.8679479360580444},"size":26.003637313842775,"orthographic":false}