{"cameraMode":{"drawMode":0,"name":"Shaded","section":"Shading Mode"},"sceneLighting":true,"audioPlay":false,"sceneViewState":{"showFog":true,"showMaterialUpdate":false,"showSkybox":false,"showFlares":true,"showImageEffects":true,"showParticleSystems":true},"in2DMode":false,"pivot":{"x":1.124000072479248,"y":0.9860000610351563,"z":-5.876999855041504},"rotation":{"x":0.5345441699028015,"y":-0.010659560561180115,"z":0.0067197601310908798,"w":0.8450748920440674},"size":32.008296966552737,"orthographic":false}