{"cameraMode":{"drawMode":0,"name":"Shaded","section":"Shading Mode"},"sceneLighting":true,"audioPlay":false,"sceneViewState":{"showFog":true,"showMaterialUpdate":false,"showSkybox":true,"showFlares":true,"showImageEffects":true,"showParticleSystems":true},"in2DMode":false,"pivot":{"x":15.036564826965332,"y":-9.481603622436524,"z":11.371788024902344},"rotation":{"x":-0.20280373096466065,"y":-0.45185011625289919,"z":0.1062876507639885,"w":-0.8622884154319763},"size":22.601816177368165,"orthographic":false}