{"cameraMode":{"drawMode":0,"name":"Shaded","section":"Shading Mode"},"sceneLighting":true,"audioPlay":false,"sceneViewState":{"showFog":true,"showMaterialUpdate":false,"showSkybox":true,"showFlares":true,"showImageEffects":true,"showParticleSystems":true},"in2DMode":false,"pivot":{"x":0.4956256151199341,"y":-4.128878593444824,"z":13.250728607177735},"rotation":{"x":0.21432460844516755,"y":-0.006448997184634209,"z":0.0014097600942477584,"w":0.9767544865608215},"size":24.13503074645996,"orthographic":false}