{"cameraMode":{"drawMode":0,"name":"Shaded","section":"Shading Mode"},"sceneLighting":true,"audioPlay":false,"sceneViewState":{"showFog":true,"showMaterialUpdate":false,"showSkybox":true,"showFlares":true,"showImageEffects":true,"showParticleSystems":true},"in2DMode":false,"pivot":{"x":1.1268470287322999,"y":-11.398490905761719,"z":9.8328857421875},"rotation":{"x":0.5506386756896973,"y":0.028282534331083299,"z":-0.01867598295211792,"w":0.8340700268745422},"size":33.68052673339844,"orthographic":false}