{"cameraMode":{"drawMode":0,"name":"Shaded","section":"Shading Mode"},"sceneLighting":false,"audioPlay":false,"sceneViewState":{"showFog":true,"showMaterialUpdate":false,"showSkybox":false,"showFlares":true,"showImageEffects":true,"showParticleSystems":true},"in2DMode":false,"pivot":{"x":-0.5376887321472168,"y":-0.006559610366821289,"z":0.6132378578186035},"rotation":{"x":-0.014125716872513295,"y":-0.9576484560966492,"z":0.28369370102882388,"w":-0.047739095985889438},"size":3.2522480487823488,"orthographic":false}